Soal Pertanyaan,Label,Casefold,Tokenize,FreqDist,Stopwords,Stemmed
ASEAN merupakan organisasi regional Asia Tenggara yang dibentuk berdasarkan Deklarasi Bangkok tanggal 8 Agustus 1967. Dilihat dari segi politik organisasi tersebut bertujuan ,C4,asean merupakan organisasi regional asia tenggara yang dibentuk berdasarkan deklarasi bangkok tanggal 8 agustus 1967. dilihat dari segi politik organisasi tersebut bertujuan ,"['asean', 'merupakan', 'organisasi', 'regional', 'asia', 'tenggara', 'yang', 'dibentuk', 'berdasarkan', 'deklarasi', 'bangkok', 'tanggal', '8', 'agustus', '1967', 'dilihat', 'dari', 'segi', 'politik', 'organisasi', 'tersebut', 'bertujuan']",<FreqDist with 21 samples and 22 outcomes>,"['asean', 'organisasi', 'regional', 'asia', 'tenggara', 'dibentuk', 'berdasarkan', 'deklarasi', 'bangkok', 'tanggal', '8', 'agustus', '1967', 'segi', 'politik', 'organisasi', 'bertujuan']","['asean', 'organisasi', 'regional', 'asia', 'tenggara', 'bentuk', 'dasar', 'deklarasi', 'bangkok', 'tanggal', '8', 'agustus', '1967', 'segi', 'politik', 'organisasi', 'tuju']"
Gerakan Non Blok merupakan organisasi negara-negara berkembang yang dibentuk berdasarkan Konferensi Beograd pada tahun 1961. Organisasi yang digagas antara lain oleh Bung Karno tersebut bertujuan ,C4,gerakan non blok merupakan organisasi negara-negara berkembang yang dibentuk berdasarkan konferensi beograd pada tahun 1961. organisasi yang digagas antara lain oleh bung karno tersebut bertujuan ,"['gerakan', 'non', 'blok', 'merupakan', 'organisasi', 'negaranegara', 'berkembang', 'yang', 'dibentuk', 'berdasarkan', 'konferensi', 'beograd', 'pada', 'tahun', '1961', 'organisasi', 'yang', 'digagas', 'antara', 'lain', 'oleh', 'bung', 'karno', 'tersebut', 'bertujuan']",<FreqDist with 23 samples and 25 outcomes>,"['gerakan', 'non', 'blok', 'organisasi', 'negaranegara', 'berkembang', 'dibentuk', 'berdasarkan', 'konferensi', 'beograd', '1961', 'organisasi', 'digagas', 'karno', 'bertujuan']","['gera', 'non', 'blok', 'organisasi', 'negaranegara', 'kembang', 'bentuk', 'dasar', 'konferensi', 'beograd', '1961', 'organisasi', 'gagas', 'karno', 'tuju']"
Salah satu penyebab kacaunya kondisi perekonomian Indonesia pada masa awal kemerdekaan karena kas negara kosong. Upaya pemerintah Republik Indonesia mengisi kas negara yang kosong pada awal Kemerdekaan adalah ,C4,salah satu penyebab kacaunya kondisi perekonomian indonesia pada masa awal kemerdekaan karena kas negara kosong. upaya pemerintah republik indonesia mengisi kas negara yang kosong pada awal kemerdekaan adalah ,"['salah', 'satu', 'penyebab', 'kacaunya', 'kondisi', 'perekonomian', 'indonesia', 'pada', 'masa', 'awal', 'kemerdekaan', 'karena', 'kas', 'negara', 'kosong', 'upaya', 'pemerintah', 'republik', 'indonesia', 'mengisi', 'kas', 'negara', 'yang', 'kosong', 'pada', 'awal', 'kemerdekaan', 'adalah']",<FreqDist with 21 samples and 28 outcomes>,"['salah', 'penyebab', 'kacaunya', 'kondisi', 'perekonomian', 'indonesia', 'kemerdekaan', 'kas', 'negara', 'kosong', 'upaya', 'pemerintah', 'republik', 'indonesia', 'mengisi', 'kas', 'negara', 'kosong', 'kemerdekaan']","['salah', 'sebab', 'kacau', 'kondisi', 'ekonomi', 'indonesia', 'merdeka', 'kas', 'negara', 'kosong', 'upaya', 'perintah', 'republik', 'indonesia', 'isi', 'kas', 'negara', 'kosong', 'merdeka']"
Indonesia harus dapat mengatasi permasalahan ekonomi yang dihadapi pada masa awal kemerdekaan. Salah satu upaya bangsa Indonesia dalam melakukan perbaikan ekonomi pada awal kemerdekaan dilakukan dengan cara ,C5,indonesia harus dapat mengatasi permasalahan ekonomi yang dihadapi pada masa awal kemerdekaan. salah satu upaya bangsa indonesia dalam melakukan perbaikan ekonomi pada awal kemerdekaan dilakukan dengan cara ,"['indonesia', 'harus', 'dapat', 'mengatasi', 'permasalahan', 'ekonomi', 'yang', 'dihadapi', 'pada', 'masa', 'awal', 'kemerdekaan', 'salah', 'satu', 'upaya', 'bangsa', 'indonesia', 'dalam', 'melakukan', 'perbaikan', 'ekonomi', 'pada', 'awal', 'kemerdekaan', 'dilakukan', 'dengan', 'cara']",<FreqDist with 22 samples and 27 outcomes>,"['indonesia', 'mengatasi', 'permasalahan', 'ekonomi', 'dihadapi', 'kemerdekaan', 'salah', 'upaya', 'bangsa', 'indonesia', 'perbaikan', 'ekonomi', 'kemerdekaan']","['indonesia', 'atas', 'masalah', 'ekonomi', 'hadap', 'merdeka', 'salah', 'upaya', 'bangsa', 'indonesia', 'baik', 'ekonomi', 'merdeka']"
"Walaupun pada awalnya secara tersembunyi tujuan Pemerintah Kolonial mengeluarkan kebijakan Politik Etis adalah untuk menciptakan kalangan pegawai yang memiliki keterampilan dan dapat dibayar murah, namun kemudian kebijakan tersebut dapat memberikan dampak positif bagi bangsa Indonesia, yaitu ",C4,"walaupun pada awalnya secara tersembunyi tujuan pemerintah kolonial mengeluarkan kebijakan politik etis adalah untuk menciptakan kalangan pegawai yang memiliki keterampilan dan dapat dibayar murah, namun kemudian kebijakan tersebut dapat memberikan dampak positif bagi bangsa indonesia, yaitu ","['walaupun', 'pada', 'awalnya', 'secara', 'tersembunyi', 'tujuan', 'pemerintah', 'kolonial', 'mengeluarkan', 'kebijakan', 'politik', 'etis', 'adalah', 'untuk', 'menciptakan', 'kalangan', 'pegawai', 'yang', 'memiliki', 'keterampilan', 'dan', 'dapat', 'dibayar', 'murah', 'namun', 'kemudian', 'kebijakan', 'tersebut', 'dapat', 'memberikan', 'dampak', 'positif', 'bagi', 'bangsa', 'indonesia', 'yaitu']",<FreqDist with 34 samples and 36 outcomes>,"['tersembunyi', 'tujuan', 'pemerintah', 'kolonial', 'mengeluarkan', 'kebijakan', 'politik', 'etis', 'menciptakan', 'kalangan', 'pegawai', 'memiliki', 'keterampilan', 'dibayar', 'murah', 'kebijakan', 'dampak', 'positif', 'bangsa', 'indonesia']","['sembunyi', 'tuju', 'perintah', 'kolonial', 'keluar', 'bijak', 'politik', 'etis', 'cipta', 'kalang', 'pegawai', 'milik', 'terampil', 'bayar', 'murah', 'bijak', 'dampak', 'positif', 'bangsa', 'indonesia']"
"Sejak terputusnya hubungan perdagangan antara Eropa dengan Timur Tengah, bangsa- bangsa Barat berlomba-lomba mencari dunia Timur khususnya ke nusantara. Dilihat dari segi politik pencarian ke dunia Timur tersebut antara lain bertujuan untuk 
",C4,"sejak terputusnya hubungan perdagangan antara eropa dengan timur tengah, bangsa- bangsa barat berlomba-lomba mencari dunia timur khususnya ke nusantara. dilihat dari segi politik pencarian ke dunia timur tersebut antara lain bertujuan untuk 
","['sejak', 'terputusnya', 'hubungan', 'perdagangan', 'antara', 'eropa', 'dengan', 'timur', 'tengah', 'bangsa', 'bangsa', 'barat', 'berlombalomba', 'mencari', 'dunia', 'timur', 'khususnya', 'ke', 'nusantara', 'dilihat', 'dari', 'segi', 'politik', 'pencarian', 'ke', 'dunia', 'timur', 'tersebut', 'antara', 'lain', 'bertujuan', 'untuk']",<FreqDist with 26 samples and 32 outcomes>,"['terputusnya', 'hubungan', 'perdagangan', 'eropa', 'timur', 'bangsa', 'bangsa', 'barat', 'berlombalomba', 'mencari', 'dunia', 'timur', 'nusantara', 'segi', 'politik', 'pencarian', 'dunia', 'timur', 'bertujuan']","['putus', 'hubung', 'dagang', 'eropa', 'timur', 'bangsa', 'bangsa', 'barat', 'berlombalomba', 'cari', 'dunia', 'timur', 'nusantara', 'segi', 'politik', 'cari', 'dunia', 'timur', 'tuju']"
Rumusan yang berkaitan dengan maksud dan tujuan pembentukan Negara Indonesia merdeka tertuang di dalam ,C4,rumusan yang berkaitan dengan maksud dan tujuan pembentukan negara indonesia merdeka tertuang di dalam ,"['rumusan', 'yang', 'berkaitan', 'dengan', 'maksud', 'dan', 'tujuan', 'pembentukan', 'negara', 'indonesia', 'merdeka', 'tertuang', 'di', 'dalam']",<FreqDist with 14 samples and 14 outcomes>,"['rumusan', 'berkaitan', 'maksud', 'tujuan', 'pembentukan', 'negara', 'indonesia', 'merdeka', 'tertuang']","['rumus', 'kait', 'maksud', 'tuju', 'bentuk', 'negara', 'indonesia', 'merdeka', 'tuang']"
Peristiwa Rengasdengklok merujuk pada peristiwa,C4,peristiwa rengasdengklok merujuk pada peristiwa,"['peristiwa', 'rengasdengklok', 'merujuk', 'pada', 'peristiwa']",<FreqDist with 4 samples and 5 outcomes>,"['peristiwa', 'rengasdengklok', 'merujuk', 'peristiwa']","['peristiwa', 'rengasdengklok', 'rujuk', 'peristiwa']"
Motivasi kedatangan bangsa Eropa ke dunia Timur dapat diungkapkan melalui slogan berikut ini ,C4,motivasi kedatangan bangsa eropa ke dunia timur dapat diungkapkan melalui slogan berikut ini ,"['motivasi', 'kedatangan', 'bangsa', 'eropa', 'ke', 'dunia', 'timur', 'dapat', 'diungkapkan', 'melalui', 'slogan', 'berikut', 'ini']",<FreqDist with 13 samples and 13 outcomes>,"['motivasi', 'kedatangan', 'bangsa', 'eropa', 'dunia', 'timur', 'slogan']","['motivasi', 'datang', 'bangsa', 'eropa', 'dunia', 'timur', 'slogan']"
Salah satu sebab timbulnya nasionalisme di kawasan Benua Asia ialah,C5,salah satu sebab timbulnya nasionalisme di kawasan benua asia ialah,"['salah', 'satu', 'sebab', 'timbulnya', 'nasionalisme', 'di', 'kawasan', 'benua', 'asia', 'ialah']",<FreqDist with 10 samples and 10 outcomes>,"['salah', 'timbulnya', 'nasionalisme', 'kawasan', 'benua', 'asia']","['salah', 'timbul', 'nasionalisme', 'kawasan', 'benua', 'asia']"
Politik Etis telah membawa kemajuan dalam bidang pendidikan mendorong tumbuhnya pergerakan nasional adalah gagasan dari ,C4,politik etis telah membawa kemajuan dalam bidang pendidikan mendorong tumbuhnya pergerakan nasional adalah gagasan dari ,"['politik', 'etis', 'telah', 'membawa', 'kemajuan', 'dalam', 'bidang', 'pendidikan', 'mendorong', 'tumbuhnya', 'pergerakan', 'nasional', 'adalah', 'gagasan', 'dari']",<FreqDist with 15 samples and 15 outcomes>,"['politik', 'etis', 'membawa', 'kemajuan', 'bidang', 'pendidikan', 'mendorong', 'tumbuhnya', 'pergerakan', 'nasional', 'gagasan']","['politik', 'etis', 'bawa', 'maju', 'bidang', 'didik', 'dorong', 'tumbuh', 'gera', 'nasional', 'gagas']"
"Proklamasi Kemerdekaan 17 Agustus 1945 dijelaskan dengan menguraikan berbagai aspek seperti sosial, ekonomi, dan politik dikenal dengan cara berfikir",C6,"proklamasi kemerdekaan 17 agustus 1945 dijelaskan dengan menguraikan berbagai aspek seperti sosial, ekonomi, dan politik dikenal dengan cara berfikir","['proklamasi', 'kemerdekaan', '17', 'agustus', '1945', 'dijelaskan', 'dengan', 'menguraikan', 'berbagai', 'aspek', 'seperti', 'sosial', 'ekonomi', 'dan', 'politik', 'dikenal', 'dengan', 'cara', 'berfikir']",<FreqDist with 18 samples and 19 outcomes>,"['proklamasi', 'kemerdekaan', '17', 'agustus', '1945', 'menguraikan', 'aspek', 'sosial', 'ekonomi', 'politik', 'dikenal', 'berfikir']","['proklamasi', 'merdeka', '17', 'agustus', '1945', 'urai', 'aspek', 'sosial', 'ekonomi', 'politik', 'kenal', 'berfikir']"
"Dampak pendudukan Jepang atas Indonesia, terutama bagi organisasi Pergerakan Nasional Indonesia, yaitu ",C5,"dampak pendudukan jepang atas indonesia, terutama bagi organisasi pergerakan nasional indonesia, yaitu ","['dampak', 'pendudukan', 'jepang', 'atas', 'indonesia', 'terutama', 'bagi', 'organisasi', 'pergerakan', 'nasional', 'indonesia', 'yaitu']",<FreqDist with 11 samples and 12 outcomes>,"['dampak', 'pendudukan', 'jepang', 'indonesia', 'organisasi', 'pergerakan', 'nasional', 'indonesia']","['dampak', 'duduk', 'jepang', 'indonesia', 'organisasi', 'gera', 'nasional', 'indonesia']"
Pernyataan kemerdekaan Amerika Serikat dituangkan dalam,C4,pernyataan kemerdekaan amerika serikat dituangkan dalam,"['pernyataan', 'kemerdekaan', 'amerika', 'serikat', 'dituangkan', 'dalam']",<FreqDist with 6 samples and 6 outcomes>,"['pernyataan', 'kemerdekaan', 'amerika', 'serikat', 'dituangkan']","['nyata', 'merdeka', 'amerika', 'serikat', 'tuang']"
"Setelah tahun 1943 Jepang melaksanakan politik lunak di Indonesia, sebab ",C4,"setelah tahun 1943 jepang melaksanakan politik lunak di indonesia, sebab ","['setelah', 'tahun', '1943', 'jepang', 'melaksanakan', 'politik', 'lunak', 'di', 'indonesia', 'sebab']",<FreqDist with 10 samples and 10 outcomes>,"['1943', 'jepang', 'melaksanakan', 'politik', 'lunak', 'indonesia']","['1943', 'jepang', 'laksana', 'politik', 'lunak', 'indonesia']"
Dampak dari proses modernisasi jepang di kawasan asia pasifik,C5,dampak dari proses modernisasi jepang di kawasan asia pasifik,"['dampak', 'dari', 'proses', 'modernisasi', 'jepang', 'di', 'kawasan', 'asia', 'pasifik']",<FreqDist with 9 samples and 9 outcomes>,"['dampak', 'proses', 'modernisasi', 'jepang', 'kawasan', 'asia', 'pasifik']","['dampak', 'proses', 'modernisasi', 'jepang', 'kawasan', 'asia', 'pasifik']"
Usaha kaum liberalisme menghendaki dihapusnya sistem tanam paksa di Indonesia itu pada hakikatnya merupakan,C5,usaha kaum liberalisme menghendaki dihapusnya sistem tanam paksa di indonesia itu pada hakikatnya merupakan,"['usaha', 'kaum', 'liberalisme', 'menghendaki', 'dihapusnya', 'sistem', 'tanam', 'paksa', 'di', 'indonesia', 'itu', 'pada', 'hakikatnya', 'merupakan']",<FreqDist with 14 samples and 14 outcomes>,"['usaha', 'kaum', 'liberalisme', 'dihapusnya', 'sistem', 'tanam', 'paksa', 'indonesia', 'hakikatnya']","['usaha', 'kaum', 'liberalisme', 'hapus', 'sistem', 'tanam', 'paksa', 'indonesia', 'hakikat']"
Pengaruh yang paling tepat yang mampu menggerakkan timbulnya nasionalisme Indonesia adalah ,C5,pengaruh yang paling tepat yang mampu menggerakkan timbulnya nasionalisme indonesia adalah ,"['pengaruh', 'yang', 'paling', 'tepat', 'yang', 'mampu', 'menggerakkan', 'timbulnya', 'nasionalisme', 'indonesia', 'adalah']",<FreqDist with 10 samples and 11 outcomes>,"['pengaruh', 'menggerakkan', 'timbulnya', 'nasionalisme', 'indonesia']","['pengaruh', 'gerak', 'timbul', 'nasionalisme', 'indonesia']"
Pikiran utama dari gagasan politik etis yang dianjurkan oleh Theodorus van Deventer pada akhir abad 19 adalah ,C6,pikiran utama dari gagasan politik etis yang dianjurkan oleh theodorus van deventer pada akhir abad 19 adalah ,"['pikiran', 'utama', 'dari', 'gagasan', 'politik', 'etis', 'yang', 'dianjurkan', 'oleh', 'theodorus', 'van', 'deventer', 'pada', 'akhir', 'abad', '19', 'adalah']",<FreqDist with 17 samples and 17 outcomes>,"['pikiran', 'utama', 'gagasan', 'politik', 'etis', 'dianjurkan', 'theodorus', 'van', 'deventer', 'abad', '19']","['pikir', 'utama', 'gagas', 'politik', 'etis', 'anjur', 'theodorus', 'van', 'deventer', 'abad', '19']"
Salah satu faktor luar negeri yang mempengaruhi kebangkitan nasionalisme di Indonesia ialah,C4,salah satu faktor luar negeri yang mempengaruhi kebangkitan nasionalisme di indonesia ialah,"['salah', 'satu', 'faktor', 'luar', 'negeri', 'yang', 'mempengaruhi', 'kebangkitan', 'nasionalisme', 'di', 'indonesia', 'ialah']",<FreqDist with 12 samples and 12 outcomes>,"['salah', 'faktor', 'negeri', 'mempengaruhi', 'kebangkitan', 'nasionalisme', 'indonesia']","['salah', 'faktor', 'negeri', 'pengaruh', 'bangkit', 'nasionalisme', 'indonesia']"
Jatuhnya konstantinopel ke tangan Islam Turki ikut mendorong berkembangnya penjelajahan samudera karena,C5,jatuhnya konstantinopel ke tangan islam turki ikut mendorong berkembangnya penjelajahan samudera karena,"['jatuhnya', 'konstantinopel', 'ke', 'tangan', 'islam', 'turki', 'ikut', 'mendorong', 'berkembangnya', 'penjelajahan', 'samudera', 'karena']",<FreqDist with 12 samples and 12 outcomes>,"['jatuhnya', 'konstantinopel', 'tangan', 'islam', 'turki', 'mendorong', 'berkembangnya', 'penjelajahan', 'samudera']","['jatuh', 'konstantinopel', 'tangan', 'islam', 'turki', 'dorong', 'kembang', 'jelajah', 'samudera']"
"Pada masa awal pendudukan Jepang di Indonesia, para tokoh pergerakan nasional bersikap kooperatif terhadap Jepang. Hal ini terbukti dengan dibentuknya organisasi Pusat Tenaga Rakyat (Putera) oleh Jepang yang diketuai oleh Ir. Soekarno. Jepang berharap organisasi tersebut dapat dijadikan alat untuk mendukung perang Jepang di Pasifik. Namun kenyataan sebaliknya, para tokoh memanfaatkan organisasi tersebut untuk ",C4,"pada masa awal pendudukan jepang di indonesia, para tokoh pergerakan nasional bersikap kooperatif terhadap jepang. hal ini terbukti dengan dibentuknya organisasi pusat tenaga rakyat (putera) oleh jepang yang diketuai oleh ir. soekarno. jepang berharap organisasi tersebut dapat dijadikan alat untuk mendukung perang jepang di pasifik. namun kenyataan sebaliknya, para tokoh memanfaatkan organisasi tersebut untuk ","['pada', 'masa', 'awal', 'pendudukan', 'jepang', 'di', 'indonesia', 'para', 'tokoh', 'pergerakan', 'nasional', 'bersikap', 'kooperatif', 'terhadap', 'jepang', 'hal', 'ini', 'terbukti', 'dengan', 'dibentuknya', 'organisasi', 'pusat', 'tenaga', 'rakyat', 'putera', 'oleh', 'jepang', 'yang', 'diketuai', 'oleh', 'ir', 'soekarno', 'jepang', 'berharap', 'organisasi', 'tersebut', 'dapat', 'dijadikan', 'alat', 'untuk', 'mendukung', 'perang', 'jepang', 'di', 'pasifik', 'namun', 'kenyataan', 'sebaliknya', 'para', 'tokoh', 'memanfaatkan', 'organisasi', 'tersebut', 'untuk']",<FreqDist with 42 samples and 54 outcomes>,"['pendudukan', 'jepang', 'indonesia', 'tokoh', 'pergerakan', 'nasional', 'bersikap', 'kooperatif', 'jepang', 'terbukti', 'dibentuknya', 'organisasi', 'pusat', 'tenaga', 'rakyat', 'putera', 'jepang', 'diketuai', 'ir', 'soekarno', 'jepang', 'berharap', 'organisasi', 'dijadikan', 'alat', 'mendukung', 'perang', 'jepang', 'pasifik', 'kenyataan', 'tokoh', 'memanfaatkan', 'organisasi']","['duduk', 'jepang', 'indonesia', 'tokoh', 'gera', 'nasional', 'sikap', 'kooperatif', 'jepang', 'bukti', 'bentuk', 'organisasi', 'pusat', 'tenaga', 'rakyat', 'putera', 'jepang', 'tuai', 'ir', 'soekarno', 'jepang', 'harap', 'organisasi', 'jadi', 'alat', 'dukung', 'perang', 'jepang', 'pasifik', 'nyata', 'tokoh', 'manfaat', 'organisasi']"
Perang salib atau perang suci antara orang-orang Eropa melawan Turki Seljuk dan orang-orang Arab membawa dampak bagi sejarah dunia yaitu ,C4,perang salib atau perang suci antara orang-orang eropa melawan turki seljuk dan orang-orang arab membawa dampak bagi sejarah dunia yaitu ,"['perang', 'salib', 'atau', 'perang', 'suci', 'antara', 'orangorang', 'eropa', 'melawan', 'turki', 'seljuk', 'dan', 'orangorang', 'arab', 'membawa', 'dampak', 'bagi', 'sejarah', 'dunia', 'yaitu']",<FreqDist with 18 samples and 20 outcomes>,"['perang', 'salib', 'perang', 'suci', 'orangorang', 'eropa', 'melawan', 'turki', 'seljuk', 'orangorang', 'arab', 'membawa', 'dampak', 'sejarah', 'dunia']","['perang', 'salib', 'perang', 'suci', 'orangorang', 'eropa', 'lawan', 'turki', 'seljuk', 'orangorang', 'arab', 'bawa', 'dampak', 'sejarah', 'dunia']"
Jatuhnya kota Konstantinopel ke tangan Turki Usmani membawa dampak ,C4,jatuhnya kota konstantinopel ke tangan turki usmani membawa dampak ,"['jatuhnya', 'kota', 'konstantinopel', 'ke', 'tangan', 'turki', 'usmani', 'membawa', 'dampak']",<FreqDist with 9 samples and 9 outcomes>,"['jatuhnya', 'kota', 'konstantinopel', 'tangan', 'turki', 'usmani', 'membawa', 'dampak']","['jatuh', 'kota', 'konstantinopel', 'tangan', 'turki', 'usmani', 'bawa', 'dampak']"
Pernyataan berikut yang sesuai dengan sikap Yogyakarta dalam hal Proklamasi kemerdekaan RI adalah ,C4,pernyataan berikut yang sesuai dengan sikap yogyakarta dalam hal proklamasi kemerdekaan ri adalah ,"['pernyataan', 'berikut', 'yang', 'sesuai', 'dengan', 'sikap', 'yogyakarta', 'dalam', 'hal', 'proklamasi', 'kemerdekaan', 'ri', 'adalah']",<FreqDist with 13 samples and 13 outcomes>,"['pernyataan', 'sesuai', 'sikap', 'yogyakarta', 'proklamasi', 'kemerdekaan', 'ri']","['nyata', 'sesuai', 'sikap', 'yogyakarta', 'proklamasi', 'merdeka', 'ri']"
"Perkembangan organisasi pergerakan nasional dibagi ke dalam 3 (tiga) periode yaitu periode awal, periode radikal dan periode moderat. Pada periode radikal, organisasi pergerakan yang muncul memiliki asas perjuangan yang bersifat nonkooperatif. Pernyataan berikut yang merupakan faktor umum yang mendorong lahirnya berbagai organisasi pergerakan yang bersifat nonkooperatif adalah",C4,"perkembangan organisasi pergerakan nasional dibagi ke dalam 3 (tiga) periode yaitu periode awal, periode radikal dan periode moderat. pada periode radikal, organisasi pergerakan yang muncul memiliki asas perjuangan yang bersifat nonkooperatif. pernyataan berikut yang merupakan faktor umum yang mendorong lahirnya berbagai organisasi pergerakan yang bersifat nonkooperatif adalah","['perkembangan', 'organisasi', 'pergerakan', 'nasional', 'dibagi', 'ke', 'dalam', '3', 'tiga', 'periode', 'yaitu', 'periode', 'awal', 'periode', 'radikal', 'dan', 'periode', 'moderat', 'pada', 'periode', 'radikal', 'organisasi', 'pergerakan', 'yang', 'muncul', 'memiliki', 'asas', 'perjuangan', 'yang', 'bersifat', 'nonkooperatif', 'pernyataan', 'berikut', 'yang', 'merupakan', 'faktor', 'umum', 'yang', 'mendorong', 'lahirnya', 'berbagai', 'organisasi', 'pergerakan', 'yang', 'bersifat', 'nonkooperatif', 'adalah']",<FreqDist with 32 samples and 47 outcomes>,"['perkembangan', 'organisasi', 'pergerakan', 'nasional', 'dibagi', '3', 'periode', 'periode', 'periode', 'radikal', 'periode', 'moderat', 'periode', 'radikal', 'organisasi', 'pergerakan', 'muncul', 'memiliki', 'asas', 'perjuangan', 'bersifat', 'nonkooperatif', 'pernyataan', 'faktor', 'mendorong', 'lahirnya', 'organisasi', 'pergerakan', 'bersifat', 'nonkooperatif']","['kembang', 'organisasi', 'gera', 'nasional', 'bagi', '3', 'periode', 'periode', 'periode', 'radikal', 'periode', 'moderat', 'periode', 'radikal', 'organisasi', 'gera', 'muncul', 'milik', 'asas', 'juang', 'sifat', 'nonkooperatif', 'nyata', 'faktor', 'dorong', 'lahir', 'organisasi', 'gera', 'sifat', 'nonkooperatif']"
Bangsa yang dapat disebut sebagai kolonisator pertama adalah Bangsa,C4,bangsa yang dapat disebut sebagai kolonisator pertama adalah bangsa,"['bangsa', 'yang', 'dapat', 'disebut', 'sebagai', 'kolonisator', 'pertama', 'adalah', 'bangsa']",<FreqDist with 8 samples and 9 outcomes>,"['bangsa', 'kolonisator', 'bangsa']","['bangsa', 'kolonisator', 'bangsa']"
"Perkembangan pers Indonesia pada awal abad 20 memberikan andil besar dalam pergerakan nasional. Dalam sejarah pergerakan nasional ada beberapa surat kabar yang sangat memengaruhi munculnya kesadaran berbangsa di Indonesia, seperti Bintang Hindia dan Medan Priyayi. Pers mempunyai peranan penting dalam perjuangan kebangsaan Indonesia, yaitu ",C5,"perkembangan pers indonesia pada awal abad 20 memberikan andil besar dalam pergerakan nasional. dalam sejarah pergerakan nasional ada beberapa surat kabar yang sangat memengaruhi munculnya kesadaran berbangsa di indonesia, seperti bintang hindia dan medan priyayi. pers mempunyai peranan penting dalam perjuangan kebangsaan indonesia, yaitu ","['perkembangan', 'pers', 'indonesia', 'pada', 'awal', 'abad', '20', 'memberikan', 'andil', 'besar', 'dalam', 'pergerakan', 'nasional', 'dalam', 'sejarah', 'pergerakan', 'nasional', 'ada', 'beberapa', 'surat', 'kabar', 'yang', 'sangat', 'memengaruhi', 'munculnya', 'kesadaran', 'berbangsa', 'di', 'indonesia', 'seperti', 'bintang', 'hindia', 'dan', 'medan', 'priyayi', 'pers', 'mempunyai', 'peranan', 'penting', 'dalam', 'perjuangan', 'kebangsaan', 'indonesia', 'yaitu']",<FreqDist with 37 samples and 44 outcomes>,"['perkembangan', 'pers', 'indonesia', 'abad', '20', 'andil', 'pergerakan', 'nasional', 'sejarah', 'pergerakan', 'nasional', 'surat', 'kabar', 'memengaruhi', 'munculnya', 'kesadaran', 'berbangsa', 'indonesia', 'bintang', 'hindia', 'medan', 'priyayi', 'pers', 'peranan', 'perjuangan', 'kebangsaan', 'indonesia']","['kembang', 'pers', 'indonesia', 'abad', '20', 'andil', 'gera', 'nasional', 'sejarah', 'gera', 'nasional', 'surat', 'kabar', 'pengaruh', 'muncul', 'sadar', 'bangsa', 'indonesia', 'bintang', 'hindia', 'medan', 'priyayi', 'pers', 'peran', 'juang', 'bangsa', 'indonesia']"
Faktor paling penting yang membuat Jepang memberikan kesempatan dalam mempersiapkan kemerdekaan RI melalui didirikannya BPUPKI adalah ,C5,faktor paling penting yang membuat jepang memberikan kesempatan dalam mempersiapkan kemerdekaan ri melalui didirikannya bpupki adalah ,"['faktor', 'paling', 'penting', 'yang', 'membuat', 'jepang', 'memberikan', 'kesempatan', 'dalam', 'mempersiapkan', 'kemerdekaan', 'ri', 'melalui', 'didirikannya', 'bpupki', 'adalah']",<FreqDist with 16 samples and 16 outcomes>,"['faktor', 'jepang', 'kesempatan', 'kemerdekaan', 'ri', 'didirikannya', 'bpupki']","['faktor', 'jepang', 'sempat', 'merdeka', 'ri', 'diri', 'bpupki']"
"Dampak adanya infiltrasi (penyusupan) dari tokoh-tokoh ISDV, Sarekat Islam (SI) pecah menjadi dua, yaitu SI Merah berpusat di Semarang, dan SI Putih berpusat di Yogyakarta. Perbedaan kedua SI tersebut, jika dilihat dari ideologi organisasi adalah
",C4,"dampak adanya infiltrasi (penyusupan) dari tokoh-tokoh isdv, sarekat islam (si) pecah menjadi dua, yaitu si merah berpusat di semarang, dan si putih berpusat di yogyakarta. perbedaan kedua si tersebut, jika dilihat dari ideologi organisasi adalah
","['dampak', 'adanya', 'infiltrasi', 'penyusupan', 'dari', 'tokohtokoh', 'isdv', 'sarekat', 'islam', 'si', 'pecah', 'menjadi', 'dua', 'yaitu', 'si', 'merah', 'berpusat', 'di', 'semarang', 'dan', 'si', 'putih', 'berpusat', 'di', 'yogyakarta', 'perbedaan', 'kedua', 'si', 'tersebut', 'jika', 'dilihat', 'dari', 'ideologi', 'organisasi', 'adalah']",<FreqDist with 29 samples and 35 outcomes>,"['dampak', 'infiltrasi', 'penyusupan', 'tokohtokoh', 'isdv', 'sarekat', 'islam', 'si', 'pecah', 'si', 'merah', 'berpusat', 'semarang', 'si', 'putih', 'berpusat', 'yogyakarta', 'perbedaan', 'si', 'ideologi', 'organisasi']","['dampak', 'infiltrasi', 'susup', 'tokohtokoh', 'isdv', 'sarekat', 'islam', 'si', 'pecah', 'si', 'merah', 'pusat', 'semarang', 'si', 'putih', 'pusat', 'yogyakarta', 'beda', 'si', 'ideologi', 'organisasi']"
"Setelah bangsa Indonesia berhasil mencapai kemerdekaan pada tanggal 17 Agustus 1945 tidak berarti bangsa Indonesia terbebas dari penguasaan bangsa asing. Negara RI dibagi-bagi menjadi negara-negara bagian dan daerah-daerah otonom atau satuan kenegaraan oleh Belanda dengan tujuan memperkecil wilayah kekuasaan RI. Hal ini memicu timbulnya pertempuran di berbagai daerah di Indonesia, sebagai contohnya adalah pertempuran di Surabaya. Terjadinya pertempuran ini disebabkan karena Belanda ",C4,"setelah bangsa indonesia berhasil mencapai kemerdekaan pada tanggal 17 agustus 1945 tidak berarti bangsa indonesia terbebas dari penguasaan bangsa asing. negara ri dibagi-bagi menjadi negara-negara bagian dan daerah-daerah otonom atau satuan kenegaraan oleh belanda dengan tujuan memperkecil wilayah kekuasaan ri. hal ini memicu timbulnya pertempuran di berbagai daerah di indonesia, sebagai contohnya adalah pertempuran di surabaya. terjadinya pertempuran ini disebabkan karena belanda ","['setelah', 'bangsa', 'indonesia', 'berhasil', 'mencapai', 'kemerdekaan', 'pada', 'tanggal', '17', 'agustus', '1945', 'tidak', 'berarti', 'bangsa', 'indonesia', 'terbebas', 'dari', 'penguasaan', 'bangsa', 'asing', 'negara', 'ri', 'dibagibagi', 'menjadi', 'negaranegara', 'bagian', 'dan', 'daerahdaerah', 'otonom', 'atau', 'satuan', 'kenegaraan', 'oleh', 'belanda', 'dengan', 'tujuan', 'memperkecil', 'wilayah', 'kekuasaan', 'ri', 'hal', 'ini', 'memicu', 'timbulnya', 'pertempuran', 'di', 'berbagai', 'daerah', 'di', 'indonesia', 'sebagai', 'contohnya', 'adalah', 'pertempuran', 'di', 'surabaya', 'terjadinya', 'pertempuran', 'ini', 'disebabkan', 'karena', 'belanda']",<FreqDist with 51 samples and 62 outcomes>,"['bangsa', 'indonesia', 'berhasil', 'mencapai', 'kemerdekaan', 'tanggal', '17', 'agustus', '1945', 'bangsa', 'indonesia', 'terbebas', 'penguasaan', 'bangsa', 'asing', 'negara', 'ri', 'dibagibagi', 'negaranegara', 'daerahdaerah', 'otonom', 'satuan', 'kenegaraan', 'belanda', 'tujuan', 'memperkecil', 'wilayah', 'kekuasaan', 'ri', 'memicu', 'timbulnya', 'pertempuran', 'daerah', 'indonesia', 'contohnya', 'pertempuran', 'surabaya', 'pertempuran', 'disebabkan', 'belanda']","['bangsa', 'indonesia', 'hasil', 'capai', 'merdeka', 'tanggal', '17', 'agustus', '1945', 'bangsa', 'indonesia', 'bebas', 'kuasa', 'bangsa', 'asing', 'negara', 'ri', 'dibagibagi', 'negaranegara', 'daerahdaerah', 'otonom', 'satu', 'negara', 'belanda', 'tuju', 'kecil', 'wilayah', 'kuasa', 'ri', 'picu', 'timbul', 'tempur', 'daerah', 'indonesia', 'contoh', 'tempur', 'surabaya', 'tempur', 'sebab', 'belanda']"
Pada tanggal 6 Agustus 1945 terjadi pemboman Hiroshima. Keadaan ini membuat Jepang merasa harus segera merealisasikan janji kemerdekaan Jepang. Salah satu upaya tersebut adalah dengan didirikannya PPKI dan dibubarkannya BPUPKI pada tanggal 7 Agustus 1945. Latar belakang didirikannya PPKI adalah ,C4,pada tanggal 6 agustus 1945 terjadi pemboman hiroshima. keadaan ini membuat jepang merasa harus segera merealisasikan janji kemerdekaan jepang. salah satu upaya tersebut adalah dengan didirikannya ppki dan dibubarkannya bpupki pada tanggal 7 agustus 1945. latar belakang didirikannya ppki adalah ,"['pada', 'tanggal', '6', 'agustus', '1945', 'terjadi', 'pemboman', 'hiroshima', 'keadaan', 'ini', 'membuat', 'jepang', 'merasa', 'harus', 'segera', 'merealisasikan', 'janji', 'kemerdekaan', 'jepang', 'salah', 'satu', 'upaya', 'tersebut', 'adalah', 'dengan', 'didirikannya', 'ppki', 'dan', 'dibubarkannya', 'bpupki', 'pada', 'tanggal', '7', 'agustus', '1945', 'latar', 'belakang', 'didirikannya', 'ppki', 'adalah']",<FreqDist with 32 samples and 40 outcomes>,"['tanggal', '6', 'agustus', '1945', 'pemboman', 'hiroshima', 'jepang', 'merealisasikan', 'janji', 'kemerdekaan', 'jepang', 'salah', 'upaya', 'didirikannya', 'ppki', 'dibubarkannya', 'bpupki', 'tanggal', '7', 'agustus', '1945', 'latar', 'didirikannya', 'ppki']","['tanggal', '6', 'agustus', '1945', 'bom', 'hiroshima', 'jepang', 'realisasi', 'janji', 'merdeka', 'jepang', 'salah', 'upaya', 'diri', 'ppki', 'bubar', 'bpupki', 'tanggal', '7', 'agustus', '1945', 'latar', 'diri', 'ppki']"
Gerakan Pemerintah Revolusioner Rakyat Indonesia (PRRI) merupakan gerakan ingin memisahkan dari negara Indonesia merdeka. Munculnya gerakan tersebut disebabkan karena adanya,C4,gerakan pemerintah revolusioner rakyat indonesia (prri) merupakan gerakan ingin memisahkan dari negara indonesia merdeka. munculnya gerakan tersebut disebabkan karena adanya,"['gerakan', 'pemerintah', 'revolusioner', 'rakyat', 'indonesia', 'prri', 'merupakan', 'gerakan', 'ingin', 'memisahkan', 'dari', 'negara', 'indonesia', 'merdeka', 'munculnya', 'gerakan', 'tersebut', 'disebabkan', 'karena', 'adanya']",<FreqDist with 17 samples and 20 outcomes>,"['gerakan', 'pemerintah', 'revolusioner', 'rakyat', 'indonesia', 'prri', 'gerakan', 'memisahkan', 'negara', 'indonesia', 'merdeka', 'munculnya', 'gerakan', 'disebabkan']","['gera', 'perintah', 'revolusioner', 'rakyat', 'indonesia', 'prri', 'gera', 'pisah', 'negara', 'indonesia', 'merdeka', 'muncul', 'gera', 'sebab']"
Permasalahan golongan tua dan golongan muda yang melatarbelakangi terjadinya peristiwa Rengasdengklok adalah ,C4,permasalahan golongan tua dan golongan muda yang melatarbelakangi terjadinya peristiwa rengasdengklok adalah ,"['permasalahan', 'golongan', 'tua', 'dan', 'golongan', 'muda', 'yang', 'melatarbelakangi', 'terjadinya', 'peristiwa', 'rengasdengklok', 'adalah']",<FreqDist with 11 samples and 12 outcomes>,"['permasalahan', 'golongan', 'tua', 'golongan', 'muda', 'melatarbelakangi', 'peristiwa', 'rengasdengklok']","['masalah', 'golong', 'tua', 'golong', 'muda', 'melatarbelakangi', 'peristiwa', 'rengasdengklok']"
"Drs. Moh Hatta lahir pada tanggal 12 Agustus 1902 di daerah Bukittinggi, Sumatera Barat dan meninggal pada tanggal 14 Maret 1980 pada umurnya yang menginjak 77 tahun. Bung Hatta juga merupakan seseorang yang telah memperjuangkan kemerdekaan Indonesia dan merupakan wakil presiden pertama yang memimpin Indonesia Bersama Bung Karno. Bung Hatta memiliki peran yang besar juga dalam proklamasi kemerdekaan, yaitu ",C4,"drs. moh hatta lahir pada tanggal 12 agustus 1902 di daerah bukittinggi, sumatera barat dan meninggal pada tanggal 14 maret 1980 pada umurnya yang menginjak 77 tahun. bung hatta juga merupakan seseorang yang telah memperjuangkan kemerdekaan indonesia dan merupakan wakil presiden pertama yang memimpin indonesia bersama bung karno. bung hatta memiliki peran yang besar juga dalam proklamasi kemerdekaan, yaitu ","['drs', 'moh', 'hatta', 'lahir', 'pada', 'tanggal', '12', 'agustus', '1902', 'di', 'daerah', 'bukittinggi', 'sumatera', 'barat', 'dan', 'meninggal', 'pada', 'tanggal', '14', 'maret', '1980', 'pada', 'umurnya', 'yang', 'menginjak', '77', 'tahun', 'bung', 'hatta', 'juga', 'merupakan', 'seseorang', 'yang', 'telah', 'memperjuangkan', 'kemerdekaan', 'indonesia', 'dan', 'merupakan', 'wakil', 'presiden', 'pertama', 'yang', 'memimpin', 'indonesia', 'bersama', 'bung', 'karno', 'bung', 'hatta', 'memiliki', 'peran', 'yang', 'besar', 'juga', 'dalam', 'proklamasi', 'kemerdekaan', 'yaitu']",<FreqDist with 44 samples and 59 outcomes>,"['drs', 'moh', 'hatta', 'lahir', 'tanggal', '12', 'agustus', '1902', 'daerah', 'bukittinggi', 'sumatera', 'barat', 'meninggal', 'tanggal', '14', 'maret', '1980', 'umurnya', 'menginjak', '77', 'hatta', 'memperjuangkan', 'kemerdekaan', 'indonesia', 'wakil', 'presiden', 'memimpin', 'indonesia', 'karno', 'hatta', 'memiliki', 'peran', 'proklamasi', 'kemerdekaan']","['drs', 'moh', 'hatta', 'lahir', 'tanggal', '12', 'agustus', '1902', 'daerah', 'bukittinggi', 'sumatera', 'barat', 'tinggal', 'tanggal', '14', 'maret', '1980', 'umur', 'injak', '77', 'hatta', 'juang', 'merdeka', 'indonesia', 'wakil', 'presiden', 'pimpin', 'indonesia', 'karno', 'hatta', 'milik', 'peran', 'proklamasi', 'merdeka']"
Ahmad Soebardjo adalah salah satu tokoh penting dalam peristiwa Proklamasi. Peran Soebardjo dalam peritiwa Proklamasi adalah,C4,ahmad soebardjo adalah salah satu tokoh penting dalam peristiwa proklamasi. peran soebardjo dalam peritiwa proklamasi adalah,"['ahmad', 'soebardjo', 'adalah', 'salah', 'satu', 'tokoh', 'penting', 'dalam', 'peristiwa', 'proklamasi', 'peran', 'soebardjo', 'dalam', 'peritiwa', 'proklamasi', 'adalah']",<FreqDist with 12 samples and 16 outcomes>,"['ahmad', 'soebardjo', 'salah', 'tokoh', 'peristiwa', 'proklamasi', 'peran', 'soebardjo', 'peritiwa', 'proklamasi']","['ahmad', 'soebardjo', 'salah', 'tokoh', 'peristiwa', 'proklamasi', 'peran', 'soebardjo', 'peritiwa', 'proklamasi']"
"Indische Partij adalah organisasi pergerakan nasional yang didirikan oleh tiga tokoh yang dikenal dengan sebutan tiga serangkai, yaitu Douwes Dekker, Cipto Mangunkusumo, dan Suwardi Suryaningrat. Organisasi ini berdiri pada tahun 1912 dan organisasi ini bersifat politik. Indische Partij menunjukkan garis politik secara jelas dan tegas serta menginginkan suatu kesatuan penduduk yang multirasial. Hal ini disebabkan karena ",C4,"indische partij adalah organisasi pergerakan nasional yang didirikan oleh tiga tokoh yang dikenal dengan sebutan tiga serangkai, yaitu douwes dekker, cipto mangunkusumo, dan suwardi suryaningrat. organisasi ini berdiri pada tahun 1912 dan organisasi ini bersifat politik. indische partij menunjukkan garis politik secara jelas dan tegas serta menginginkan suatu kesatuan penduduk yang multirasial. hal ini disebabkan karena ","['indische', 'partij', 'adalah', 'organisasi', 'pergerakan', 'nasional', 'yang', 'didirikan', 'oleh', 'tiga', 'tokoh', 'yang', 'dikenal', 'dengan', 'sebutan', 'tiga', 'serangkai', 'yaitu', 'douwes', 'dekker', 'cipto', 'mangunkusumo', 'dan', 'suwardi', 'suryaningrat', 'organisasi', 'ini', 'berdiri', 'pada', 'tahun', '1912', 'dan', 'organisasi', 'ini', 'bersifat', 'politik', 'indische', 'partij', 'menunjukkan', 'garis', 'politik', 'secara', 'jelas', 'dan', 'tegas', 'serta', 'menginginkan', 'suatu', 'kesatuan', 'penduduk', 'yang', 'multirasial', 'hal', 'ini', 'disebabkan', 'karena']",<FreqDist with 44 samples and 56 outcomes>,"['indische', 'partij', 'organisasi', 'pergerakan', 'nasional', 'didirikan', 'tokoh', 'dikenal', 'sebutan', 'serangkai', 'douwes', 'dekker', 'cipto', 'mangunkusumo', 'suwardi', 'suryaningrat', 'organisasi', 'berdiri', '1912', 'organisasi', 'bersifat', 'politik', 'indische', 'partij', 'garis', 'politik', 'kesatuan', 'penduduk', 'multirasial', 'disebabkan']","['indische', 'partij', 'organisasi', 'gera', 'nasional', 'diri', 'tokoh', 'kenal', 'sebut', 'rangka', 'douwes', 'dekker', 'cipto', 'mangunkusumo', 'suwardi', 'suryaningrat', 'organisasi', 'diri', '1912', 'organisasi', 'sifat', 'politik', 'indische', 'partij', 'garis', 'politik', 'satu', 'duduk', 'multirasial', 'sebab']"
Rapat penyusunan teks proklamasi dilaksanakan di rumah Laksamana Maeda dengan pertimbangan ,C4,rapat penyusunan teks proklamasi dilaksanakan di rumah laksamana maeda dengan pertimbangan ,"['rapat', 'penyusunan', 'teks', 'proklamasi', 'dilaksanakan', 'di', 'rumah', 'laksamana', 'maeda', 'dengan', 'pertimbangan']",<FreqDist with 11 samples and 11 outcomes>,"['rapat', 'penyusunan', 'teks', 'proklamasi', 'dilaksanakan', 'rumah', 'laksamana', 'maeda', 'pertimbangan']","['rapat', 'susun', 'teks', 'proklamasi', 'laksana', 'rumah', 'laksamana', 'maeda', 'timbang']"
"Gerakan reformasi di Indonesia tahun 1998 merupakan gerakan untuk memperbaiki tatanan bermasyarakat, berbangsa dan bernegara sesuai dengan nilai-nilai Pancasila dan UUD 1945. Penyebab utama terjadinya gerakan ini adalah ",C5,"gerakan reformasi di indonesia tahun 1998 merupakan gerakan untuk memperbaiki tatanan bermasyarakat, berbangsa dan bernegara sesuai dengan nilai-nilai pancasila dan uud 1945. penyebab utama terjadinya gerakan ini adalah ","['gerakan', 'reformasi', 'di', 'indonesia', 'tahun', '1998', 'merupakan', 'gerakan', 'untuk', 'memperbaiki', 'tatanan', 'bermasyarakat', 'berbangsa', 'dan', 'bernegara', 'sesuai', 'dengan', 'nilainilai', 'pancasila', 'dan', 'uud', '1945', 'penyebab', 'utama', 'terjadinya', 'gerakan', 'ini', 'adalah']",<FreqDist with 25 samples and 28 outcomes>,"['gerakan', 'reformasi', 'indonesia', '1998', 'gerakan', 'memperbaiki', 'tatanan', 'bermasyarakat', 'berbangsa', 'bernegara', 'sesuai', 'nilainilai', 'pancasila', 'uud', '1945', 'penyebab', 'utama', 'gerakan']","['gera', 'reformasi', 'indonesia', '1998', 'gera', 'baik', 'tatanan', 'masyarakat', 'bangsa', 'negara', 'sesuai', 'nilainilai', 'pancasila', 'uud', '1945', 'sebab', 'utama', 'gera']"
Dampak negatif pemilihan kepala daerah secara langsung adalah ,C5,dampak negatif pemilihan kepala daerah secara langsung adalah ,"['dampak', 'negatif', 'pemilihan', 'kepala', 'daerah', 'secara', 'langsung', 'adalah']",<FreqDist with 8 samples and 8 outcomes>,"['dampak', 'negatif', 'pemilihan', 'kepala', 'daerah', 'langsung']","['dampak', 'negatif', 'pilih', 'kepala', 'daerah', 'langsung']"
"A.A. Maramis menyampaikan bahwa wakil-wakil umat Protestan dan Katolik yang berada dalam wilayah kekuasaan Angkatan Laut Jepang sangat berkeberatan dengan kalimat dalam Pembukaan Undang-Undang Dasar, yang berbunyi, “Ketuhanan dengan kewajiban menjalankan syariat Islam bagi pemeluk-pemeluknya”. Mereka sadar bahwa bagian kalimat itu tidak mengikat mereka, namun dengan mencantumkan ketetapan seperti itu dalam pembukaan dan dasar berdirinya suatu negara merupakan “diskriminasi” terhadap golongan minoritas. Dalam buku autobiografi Bung Hatta disebutkan bahwa jika “diskriminasi” itu ditetapkan juga, mereka lebih suka berdiri di luar Republik Indonesia. Bangsa Indonesia menyadari perihal kemajemukan rakyatnya. Akibat apa yang mungkin terjadi jika seorang memaksakan agamanya kepada orang lain yang telah beragama ",C6,"a.a. maramis menyampaikan bahwa wakil-wakil umat protestan dan katolik yang berada dalam wilayah kekuasaan angkatan laut jepang sangat berkeberatan dengan kalimat dalam pembukaan undang-undang dasar, yang berbunyi, “ketuhanan dengan kewajiban menjalankan syariat islam bagi pemeluk-pemeluknya”. mereka sadar bahwa bagian kalimat itu tidak mengikat mereka, namun dengan mencantumkan ketetapan seperti itu dalam pembukaan dan dasar berdirinya suatu negara merupakan “diskriminasi” terhadap golongan minoritas. dalam buku autobiografi bung hatta disebutkan bahwa jika “diskriminasi” itu ditetapkan juga, mereka lebih suka berdiri di luar republik indonesia. bangsa indonesia menyadari perihal kemajemukan rakyatnya. akibat apa yang mungkin terjadi jika seorang memaksakan agamanya kepada orang lain yang telah beragama ","['aa', 'maramis', 'menyampaikan', 'bahwa', 'wakilwakil', 'umat', 'protestan', 'dan', 'katolik', 'yang', 'berada', 'dalam', 'wilayah', 'kekuasaan', 'angkatan', 'laut', 'jepang', 'sangat', 'berkeberatan', 'dengan', 'kalimat', 'dalam', 'pembukaan', 'undangundang', 'dasar', 'yang', 'berbunyi', '“', 'ketuhanan', 'dengan', 'kewajiban', 'menjalankan', 'syariat', 'islam', 'bagi', 'pemelukpemeluknya', '”', 'mereka', 'sadar', 'bahwa', 'bagian', 'kalimat', 'itu', 'tidak', 'mengikat', 'mereka', 'namun', 'dengan', 'mencantumkan', 'ketetapan', 'seperti', 'itu', 'dalam', 'pembukaan', 'dan', 'dasar', 'berdirinya', 'suatu', 'negara', 'merupakan', '“', 'diskriminasi', '”', 'terhadap', 'golongan', 'minoritas', 'dalam', 'buku', 'autobiografi', 'bung', 'hatta', 'disebutkan', 'bahwa', 'jika', '“', 'diskriminasi', '”', 'itu', 'ditetapkan', 'juga', 'mereka', 'lebih', 'suka', 'berdiri', 'di', 'luar', 'republik', 'indonesia', 'bangsa', 'indonesia', 'menyadari', 'perihal', 'kemajemukan', 'rakyatnya', 'akibat', 'apa', 'yang', 'mungkin', 'terjadi', 'jika', 'seorang', 'memaksakan', 'agamanya', 'kepada', 'orang', 'lain', 'yang', 'telah', 'beragama']",<FreqDist with 84 samples and 109 outcomes>,"['aa', 'maramis', 'wakilwakil', 'umat', 'protestan', 'katolik', 'wilayah', 'kekuasaan', 'angkatan', 'laut', 'jepang', 'berkeberatan', 'kalimat', 'pembukaan', 'undangundang', 'dasar', 'berbunyi', '“', 'ketuhanan', 'kewajiban', 'menjalankan', 'syariat', 'islam', 'pemelukpemeluknya', '”', 'sadar', 'kalimat', 'mengikat', 'mencantumkan', 'ketetapan', 'pembukaan', 'dasar', 'berdirinya', 'negara', '“', 'diskriminasi', '”', 'golongan', 'minoritas', 'buku', 'autobiografi', 'hatta', '“', 'diskriminasi', '”', 'ditetapkan', 'suka', 'berdiri', 'republik', 'indonesia', 'bangsa', 'indonesia', 'menyadari', 'perihal', 'kemajemukan', 'rakyatnya', 'akibat', 'memaksakan', 'agamanya', 'orang', 'beragama']","['aa', 'maramis', 'wakilwakil', 'umat', 'protestan', 'katolik', 'wilayah', 'kuasa', 'angkat', 'laut', 'jepang', 'rat', 'kalimat', 'buka', 'undangundang', 'dasar', 'bunyi', '', 'tuhan', 'wajib', 'jalan', 'syariat', 'islam', 'pemelukpemeluknya', '', 'sadar', 'kalimat', 'ikat', 'cantum', 'tetap', 'buka', 'dasar', 'diri', 'negara', '', 'diskriminasi', '', 'golong', 'minoritas', 'buku', 'autobiografi', 'hatta', '', 'diskriminasi', '', 'tetap', 'suka', 'diri', 'republik', 'indonesia', 'bangsa', 'indonesia', 'sadar', 'perihal', 'majemuk', 'rakyat', 'akibat', 'paksa', 'agama', 'orang', 'agama']"
Faktor penting keinginan Jepang memperluas wilayah sampai ke Indonesia adalah,C5,faktor penting keinginan jepang memperluas wilayah sampai ke indonesia adalah,"['faktor', 'penting', 'keinginan', 'jepang', 'memperluas', 'wilayah', 'sampai', 'ke', 'indonesia', 'adalah']",<FreqDist with 10 samples and 10 outcomes>,"['faktor', 'jepang', 'memperluas', 'wilayah', 'indonesia']","['faktor', 'jepang', 'luas', 'wilayah', 'indonesia']"
Pada tanggal 6 Agustus 1945 terjadi pemboman Hiroshima. Keadaan ini membuat Jepang merasa harus segera merealisasikan janji kemerdekaan Jepang. Salah satu upaya tersebut adalah dengan didirikannya PPKI dan dibubarkannya BPUPKI pada tanggal 7 Agustus 1945. Latar belakang dibubarkannya BPUPKI adalah,C4,pada tanggal 6 agustus 1945 terjadi pemboman hiroshima. keadaan ini membuat jepang merasa harus segera merealisasikan janji kemerdekaan jepang. salah satu upaya tersebut adalah dengan didirikannya ppki dan dibubarkannya bpupki pada tanggal 7 agustus 1945. latar belakang dibubarkannya bpupki adalah,"['pada', 'tanggal', '6', 'agustus', '1945', 'terjadi', 'pemboman', 'hiroshima', 'keadaan', 'ini', 'membuat', 'jepang', 'merasa', 'harus', 'segera', 'merealisasikan', 'janji', 'kemerdekaan', 'jepang', 'salah', 'satu', 'upaya', 'tersebut', 'adalah', 'dengan', 'didirikannya', 'ppki', 'dan', 'dibubarkannya', 'bpupki', 'pada', 'tanggal', '7', 'agustus', '1945', 'latar', 'belakang', 'dibubarkannya', 'bpupki', 'adalah']",<FreqDist with 32 samples and 40 outcomes>,"['tanggal', '6', 'agustus', '1945', 'pemboman', 'hiroshima', 'jepang', 'merealisasikan', 'janji', 'kemerdekaan', 'jepang', 'salah', 'upaya', 'didirikannya', 'ppki', 'dibubarkannya', 'bpupki', 'tanggal', '7', 'agustus', '1945', 'latar', 'dibubarkannya', 'bpupki']","['tanggal', '6', 'agustus', '1945', 'bom', 'hiroshima', 'jepang', 'realisasi', 'janji', 'merdeka', 'jepang', 'salah', 'upaya', 'diri', 'ppki', 'bubar', 'bpupki', 'tanggal', '7', 'agustus', '1945', 'latar', 'bubar', 'bpupki']"
Faktor utama yang menyebabkan terjadinya peristiwa Rengasdengklok adalah ,C4,faktor utama yang menyebabkan terjadinya peristiwa rengasdengklok adalah ,"['faktor', 'utama', 'yang', 'menyebabkan', 'terjadinya', 'peristiwa', 'rengasdengklok', 'adalah']",<FreqDist with 8 samples and 8 outcomes>,"['faktor', 'utama', 'menyebabkan', 'peristiwa', 'rengasdengklok']","['faktor', 'utama', 'sebab', 'peristiwa', 'rengasdengklok']"
"Pada tanggal 16 Agustus 1945, Soekarno dan Hatta (Bersama Fatmawati dan Guntur) diculik para pemuda ke Rengasdengklok. Penculikan tersebut dilakukan untuk menghindarkan pengaruh Jepang atas Soekarno dan Hatta. Peran Soebardjo dalam peristiwa Rengasdengklok adalah",C4,"pada tanggal 16 agustus 1945, soekarno dan hatta (bersama fatmawati dan guntur) diculik para pemuda ke rengasdengklok. penculikan tersebut dilakukan untuk menghindarkan pengaruh jepang atas soekarno dan hatta. peran soebardjo dalam peristiwa rengasdengklok adalah","['pada', 'tanggal', '16', 'agustus', '1945', 'soekarno', 'dan', 'hatta', 'bersama', 'fatmawati', 'dan', 'guntur', 'diculik', 'para', 'pemuda', 'ke', 'rengasdengklok', 'penculikan', 'tersebut', 'dilakukan', 'untuk', 'menghindarkan', 'pengaruh', 'jepang', 'atas', 'soekarno', 'dan', 'hatta', 'peran', 'soebardjo', 'dalam', 'peristiwa', 'rengasdengklok', 'adalah']",<FreqDist with 29 samples and 34 outcomes>,"['tanggal', '16', 'agustus', '1945', 'soekarno', 'hatta', 'fatmawati', 'guntur', 'diculik', 'pemuda', 'rengasdengklok', 'penculikan', 'menghindarkan', 'pengaruh', 'jepang', 'soekarno', 'hatta', 'peran', 'soebardjo', 'peristiwa', 'rengasdengklok']","['tanggal', '16', 'agustus', '1945', 'soekarno', 'hatta', 'fatmawati', 'guntur', 'culik', 'pemuda', 'rengasdengklok', 'culi', 'hindar', 'pengaruh', 'jepang', 'soekarno', 'hatta', 'peran', 'soebardjo', 'peristiwa', 'rengasdengklok']"
"Sukarni merupakan salah satu Tokoh Proklamator Kemerdekaan Indonesia. Gelar Pahlawan Nasional Indonesia Sukarni disematkan kepada Joko Widodo pada tanggal 7 November 2014 kepada perwakilan keluarga di Istana Negara Jakarta. Sukarni memiliki peran yang besar juga dalam proklamasi kemerdekaan, yaitu",C4,"sukarni merupakan salah satu tokoh proklamator kemerdekaan indonesia. gelar pahlawan nasional indonesia sukarni disematkan kepada joko widodo pada tanggal 7 november 2014 kepada perwakilan keluarga di istana negara jakarta. sukarni memiliki peran yang besar juga dalam proklamasi kemerdekaan, yaitu","['sukarni', 'merupakan', 'salah', 'satu', 'tokoh', 'proklamator', 'kemerdekaan', 'indonesia', 'gelar', 'pahlawan', 'nasional', 'indonesia', 'sukarni', 'disematkan', 'kepada', 'joko', 'widodo', 'pada', 'tanggal', '7', 'november', '2014', 'kepada', 'perwakilan', 'keluarga', 'di', 'istana', 'negara', 'jakarta', 'sukarni', 'memiliki', 'peran', 'yang', 'besar', 'juga', 'dalam', 'proklamasi', 'kemerdekaan', 'yaitu']",<FreqDist with 34 samples and 39 outcomes>,"['sukarni', 'salah', 'tokoh', 'proklamator', 'kemerdekaan', 'indonesia', 'gelar', 'pahlawan', 'nasional', 'indonesia', 'sukarni', 'disematkan', 'joko', 'widodo', 'tanggal', '7', 'november', '2014', 'perwakilan', 'keluarga', 'istana', 'negara', 'jakarta', 'sukarni', 'memiliki', 'peran', 'proklamasi', 'kemerdekaan']","['sukarni', 'salah', 'tokoh', 'proklamator', 'merdeka', 'indonesia', 'gelar', 'pahlawan', 'nasional', 'indonesia', 'sukarni', 'semat', 'joko', 'widodo', 'tanggal', '7', 'november', '2014', 'wakil', 'keluarga', 'istana', 'negara', 'jakarta', 'sukarni', 'milik', 'peran', 'proklamasi', 'merdeka']"
"Strategi pemerintah agar tidak mengundang aksi militer dari negara lain maka pada awal merdeka pemerintah membentuk Badan Keamanan Rakyat (BKR). Pembentukan tentara dianggap akan memprovokasi negara lain dan akan menimbulkan permusuhan. Dalam perkembanganya pembentukan tentara dianggap perlu karena
",C5,"strategi pemerintah agar tidak mengundang aksi militer dari negara lain maka pada awal merdeka pemerintah membentuk badan keamanan rakyat (bkr). pembentukan tentara dianggap akan memprovokasi negara lain dan akan menimbulkan permusuhan. dalam perkembanganya pembentukan tentara dianggap perlu karena
","['strategi', 'pemerintah', 'agar', 'tidak', 'mengundang', 'aksi', 'militer', 'dari', 'negara', 'lain', 'maka', 'pada', 'awal', 'merdeka', 'pemerintah', 'membentuk', 'badan', 'keamanan', 'rakyat', 'bkr', 'pembentukan', 'tentara', 'dianggap', 'akan', 'memprovokasi', 'negara', 'lain', 'dan', 'akan', 'menimbulkan', 'permusuhan', 'dalam', 'perkembanganya', 'pembentukan', 'tentara', 'dianggap', 'perlu', 'karena']",<FreqDist with 31 samples and 38 outcomes>,"['strategi', 'pemerintah', 'mengundang', 'aksi', 'militer', 'negara', 'merdeka', 'pemerintah', 'membentuk', 'badan', 'keamanan', 'rakyat', 'bkr', 'pembentukan', 'tentara', 'dianggap', 'memprovokasi', 'negara', 'menimbulkan', 'permusuhan', 'perkembanganya', 'pembentukan', 'tentara', 'dianggap']","['strategi', 'perintah', 'undang', 'aksi', 'militer', 'negara', 'merdeka', 'perintah', 'bentuk', 'badan', 'aman', 'rakyat', 'bkr', 'bentuk', 'tentara', 'anggap', 'provokasi', 'negara', 'timbul', 'musuh', 'perkembanganya', 'bentuk', 'tentara', 'anggap']"
"Para pedagang dari Arab datang ke nusantara tidak hanya bertransaksi dengan pedagang pribumi, tetapi juga dengan pedagang Hindu dan Cina yang juga berdagang di Indonesia. Tujuan mereka sama yaitu mencari rempah-rempah yang pada saat itu menjadi komoditi utama yang sangat popular. Kedatangan pedagang Arab tersebut ditandai dengan ",C4,"para pedagang dari arab datang ke nusantara tidak hanya bertransaksi dengan pedagang pribumi, tetapi juga dengan pedagang hindu dan cina yang juga berdagang di indonesia. tujuan mereka sama yaitu mencari rempah-rempah yang pada saat itu menjadi komoditi utama yang sangat popular. kedatangan pedagang arab tersebut ditandai dengan ","['para', 'pedagang', 'dari', 'arab', 'datang', 'ke', 'nusantara', 'tidak', 'hanya', 'bertransaksi', 'dengan', 'pedagang', 'pribumi', 'tetapi', 'juga', 'dengan', 'pedagang', 'hindu', 'dan', 'cina', 'yang', 'juga', 'berdagang', 'di', 'indonesia', 'tujuan', 'mereka', 'sama', 'yaitu', 'mencari', 'rempahrempah', 'yang', 'pada', 'saat', 'itu', 'menjadi', 'komoditi', 'utama', 'yang', 'sangat', 'popular', 'kedatangan', 'pedagang', 'arab', 'tersebut', 'ditandai', 'dengan']",<FreqDist with 38 samples and 47 outcomes>,"['pedagang', 'arab', 'nusantara', 'bertransaksi', 'pedagang', 'pribumi', 'pedagang', 'hindu', 'cina', 'berdagang', 'indonesia', 'tujuan', 'mencari', 'rempahrempah', 'komoditi', 'utama', 'popular', 'kedatangan', 'pedagang', 'arab', 'ditandai']","['dagang', 'arab', 'nusantara', 'transaksi', 'dagang', 'pribumi', 'dagang', 'hindu', 'cina', 'dagang', 'indonesia', 'tuju', 'cari', 'rempahrempah', 'komoditi', 'utama', 'popular', 'datang', 'dagang', 'arab', 'tanda']"
Berikut yang bukan faktor pendorong penjelajahan samudra oleh bangsa Eropa adalah,C4,berikut yang bukan faktor pendorong penjelajahan samudra oleh bangsa eropa adalah,"['berikut', 'yang', 'bukan', 'faktor', 'pendorong', 'penjelajahan', 'samudra', 'oleh', 'bangsa', 'eropa', 'adalah']",<FreqDist with 11 samples and 11 outcomes>,"['faktor', 'pendorong', 'penjelajahan', 'samudra', 'bangsa', 'eropa']","['faktor', 'dorong', 'jelajah', 'samudra', 'bangsa', 'eropa']"
Salah satu kota pusat perdagangan terkenal dan sangat ramai yang menjadi penghubung Dunia Barat dan Timur di Eropa adalah,C4,salah satu kota pusat perdagangan terkenal dan sangat ramai yang menjadi penghubung dunia barat dan timur di eropa adalah,"['salah', 'satu', 'kota', 'pusat', 'perdagangan', 'terkenal', 'dan', 'sangat', 'ramai', 'yang', 'menjadi', 'penghubung', 'dunia', 'barat', 'dan', 'timur', 'di', 'eropa', 'adalah']",<FreqDist with 18 samples and 19 outcomes>,"['salah', 'kota', 'pusat', 'perdagangan', 'terkenal', 'ramai', 'penghubung', 'dunia', 'barat', 'timur', 'eropa']","['salah', 'kota', 'pusat', 'dagang', 'kenal', 'ramai', 'hubung', 'dunia', 'barat', 'timur', 'eropa']"
"Pada tahun 1453, Konstantinopel dikuasai Kesultanan Turki Utsmani (Ottoman). Dampak dikuasainya Konstantinopel oleh Kesultanan Turki Utsmani terhadap perdagangan rempah-rempah bangsa Eropa adalah ",C4,"pada tahun 1453, konstantinopel dikuasai kesultanan turki utsmani (ottoman). dampak dikuasainya konstantinopel oleh kesultanan turki utsmani terhadap perdagangan rempah-rempah bangsa eropa adalah ","['pada', 'tahun', '1453', 'konstantinopel', 'dikuasai', 'kesultanan', 'turki', 'utsmani', 'ottoman', 'dampak', 'dikuasainya', 'konstantinopel', 'oleh', 'kesultanan', 'turki', 'utsmani', 'terhadap', 'perdagangan', 'rempahrempah', 'bangsa', 'eropa', 'adalah']",<FreqDist with 18 samples and 22 outcomes>,"['1453', 'konstantinopel', 'dikuasai', 'kesultanan', 'turki', 'utsmani', 'ottoman', 'dampak', 'dikuasainya', 'konstantinopel', 'kesultanan', 'turki', 'utsmani', 'perdagangan', 'rempahrempah', 'bangsa', 'eropa']","['1453', 'konstantinopel', 'asai', 'sultan', 'turki', 'utsmani', 'ottoman', 'dampak', 'kuasa', 'konstantinopel', 'sultan', 'turki', 'utsmani', 'dagang', 'rempahrempah', 'bangsa', 'eropa']"
Perkembangan agama dan budaya Hindu-Buddha di Indonesia telah mengakibatkan terjadinya beberapa perubahan dalam kehidupan masyarakat Indonesia. Berikut ini yang merupakan perubahan kehidupan masyarakat setelah masuknya kebudayaan Hindu- Buddha di Indonesia dalam bidang budaya adalah ,C4,perkembangan agama dan budaya hindu-buddha di indonesia telah mengakibatkan terjadinya beberapa perubahan dalam kehidupan masyarakat indonesia. berikut ini yang merupakan perubahan kehidupan masyarakat setelah masuknya kebudayaan hindu- buddha di indonesia dalam bidang budaya adalah ,"['perkembangan', 'agama', 'dan', 'budaya', 'hindubuddha', 'di', 'indonesia', 'telah', 'mengakibatkan', 'terjadinya', 'beberapa', 'perubahan', 'dalam', 'kehidupan', 'masyarakat', 'indonesia', 'berikut', 'ini', 'yang', 'merupakan', 'perubahan', 'kehidupan', 'masyarakat', 'setelah', 'masuknya', 'kebudayaan', 'hindu', 'buddha', 'di', 'indonesia', 'dalam', 'bidang', 'budaya', 'adalah']",<FreqDist with 26 samples and 34 outcomes>,"['perkembangan', 'agama', 'budaya', 'hindubuddha', 'indonesia', 'mengakibatkan', 'perubahan', 'kehidupan', 'masyarakat', 'indonesia', 'perubahan', 'kehidupan', 'masyarakat', 'masuknya', 'kebudayaan', 'hindu', 'buddha', 'indonesia', 'bidang', 'budaya']","['kembang', 'agama', 'budaya', 'hindubuddha', 'indonesia', 'akibat', 'ubah', 'hidup', 'masyarakat', 'indonesia', 'ubah', 'hidup', 'masyarakat', 'masuk', 'budaya', 'hindu', 'buddha', 'indonesia', 'bidang', 'budaya']"
Tantangan kedatangan Cornelis de Houtman dari bangsa Eropa di Banten adalah ,C5,tantangan kedatangan cornelis de houtman dari bangsa eropa di banten adalah ,"['tantangan', 'kedatangan', 'cornelis', 'de', 'houtman', 'dari', 'bangsa', 'eropa', 'di', 'banten', 'adalah']",<FreqDist with 11 samples and 11 outcomes>,"['tantangan', 'kedatangan', 'cornelis', 'de', 'houtman', 'bangsa', 'eropa', 'banten']","['tantang', 'datang', 'cornelis', 'de', 'houtman', 'bangsa', 'eropa', 'banten']"
"Islam masuk ke Indonesia pada awalnya dibawa oleh para pedagang atau saudagar dari Arab, India, dan Persia. Kemudian pedagang tersebut berbaur dengan orang Jawa, Melayu, Sunda dan suku bangsa lainnya dan tinggal dan menetap di wilayah tersebut. Oleh karena itu maka masyarakat mudah menerima masuknya agama dan budaya Islam. Hal ini membuktikan Islam masuk ke Indonesia melalui",C6,"islam masuk ke indonesia pada awalnya dibawa oleh para pedagang atau saudagar dari arab, india, dan persia. kemudian pedagang tersebut berbaur dengan orang jawa, melayu, sunda dan suku bangsa lainnya dan tinggal dan menetap di wilayah tersebut. oleh karena itu maka masyarakat mudah menerima masuknya agama dan budaya islam. hal ini membuktikan islam masuk ke indonesia melalui","['islam', 'masuk', 'ke', 'indonesia', 'pada', 'awalnya', 'dibawa', 'oleh', 'para', 'pedagang', 'atau', 'saudagar', 'dari', 'arab', 'india', 'dan', 'persia', 'kemudian', 'pedagang', 'tersebut', 'berbaur', 'dengan', 'orang', 'jawa', 'melayu', 'sunda', 'dan', 'suku', 'bangsa', 'lainnya', 'dan', 'tinggal', 'dan', 'menetap', 'di', 'wilayah', 'tersebut', 'oleh', 'karena', 'itu', 'maka', 'masyarakat', 'mudah', 'menerima', 'masuknya', 'agama', 'dan', 'budaya', 'islam', 'hal', 'ini', 'membuktikan', 'islam', 'masuk', 'ke', 'indonesia', 'melalui']",<FreqDist with 45 samples and 57 outcomes>,"['islam', 'masuk', 'indonesia', 'dibawa', 'pedagang', 'saudagar', 'arab', 'india', 'persia', 'pedagang', 'berbaur', 'orang', 'jawa', 'melayu', 'sunda', 'suku', 'bangsa', 'tinggal', 'menetap', 'wilayah', 'masyarakat', 'mudah', 'menerima', 'masuknya', 'agama', 'budaya', 'islam', 'membuktikan', 'islam', 'masuk', 'indonesia']","['islam', 'masuk', 'indonesia', 'bawa', 'dagang', 'saudagar', 'arab', 'india', 'sia', 'dagang', 'baur', 'orang', 'jawa', 'melayu', 'sunda', 'suku', 'bangsa', 'tinggal', 'tetap', 'wilayah', 'masyarakat', 'mudah', 'terima', 'masuk', 'agama', 'budaya', 'islam', 'bukti', 'islam', 'masuk', 'indonesia']"
"Ferdinand Magellan memimpin pelayaran bangsa Spanyol sejak tahun 1519. Dia mulai berlayar dari Sanlucar de Barrameda, Spanyol ke arah barat menuju bagian selatan Benua Amerika. Pada tahun 1520, Magellan mencapai Kepulauan Filipina. Namun, pada saat berlabuh di sana, nasib Magellan tidak beruntung, sehingga dia meninggal pada tahun 1521. Faktor penyebab meninggalnya Magellan adalah ",C5,"ferdinand magellan memimpin pelayaran bangsa spanyol sejak tahun 1519. dia mulai berlayar dari sanlucar de barrameda, spanyol ke arah barat menuju bagian selatan benua amerika. pada tahun 1520, magellan mencapai kepulauan filipina. namun, pada saat berlabuh di sana, nasib magellan tidak beruntung, sehingga dia meninggal pada tahun 1521. faktor penyebab meninggalnya magellan adalah ","['ferdinand', 'magellan', 'memimpin', 'pelayaran', 'bangsa', 'spanyol', 'sejak', 'tahun', '1519', 'dia', 'mulai', 'berlayar', 'dari', 'sanlucar', 'de', 'barrameda', 'spanyol', 'ke', 'arah', 'barat', 'menuju', 'bagian', 'selatan', 'benua', 'amerika', 'pada', 'tahun', '1520', 'magellan', 'mencapai', 'kepulauan', 'filipina', 'namun', 'pada', 'saat', 'berlabuh', 'di', 'sana', 'nasib', 'magellan', 'tidak', 'beruntung', 'sehingga', 'dia', 'meninggal', 'pada', 'tahun', '1521', 'faktor', 'penyebab', 'meninggalnya', 'magellan', 'adalah']",<FreqDist with 44 samples and 53 outcomes>,"['ferdinand', 'magellan', 'memimpin', 'pelayaran', 'bangsa', 'spanyol', '1519', 'berlayar', 'sanlucar', 'de', 'barrameda', 'spanyol', 'arah', 'barat', 'selatan', 'benua', 'amerika', '1520', 'magellan', 'mencapai', 'kepulauan', 'filipina', 'berlabuh', 'nasib', 'magellan', 'beruntung', 'meninggal', '1521', 'faktor', 'penyebab', 'meninggalnya', 'magellan']","['ferdinand', 'magellan', 'pimpin', 'layar', 'bangsa', 'spanyol', '1519', 'layar', 'sanlucar', 'de', 'barrameda', 'spanyol', 'arah', 'barat', 'selatan', 'benua', 'amerika', '1520', 'magellan', 'capai', 'pulau', 'filipina', 'labuh', 'nasib', 'magellan', 'untung', 'tinggal', '1521', 'faktor', 'sebab', 'tinggal', 'magellan']"
Pengaruh budaya Hindu dari India menyebabkan Kutai yang semula merupakan kelompok masyarakat yang berbentuk suku berubah menjadi kerajaan. Namun demikian pada masa raja Kudungga dianggap belum mendapat pengaruh budaya dari India. Hal ini didasarkan atas ,C4,pengaruh budaya hindu dari india menyebabkan kutai yang semula merupakan kelompok masyarakat yang berbentuk suku berubah menjadi kerajaan. namun demikian pada masa raja kudungga dianggap belum mendapat pengaruh budaya dari india. hal ini didasarkan atas ,"['pengaruh', 'budaya', 'hindu', 'dari', 'india', 'menyebabkan', 'kutai', 'yang', 'semula', 'merupakan', 'kelompok', 'masyarakat', 'yang', 'berbentuk', 'suku', 'berubah', 'menjadi', 'kerajaan', 'namun', 'demikian', 'pada', 'masa', 'raja', 'kudungga', 'dianggap', 'belum', 'mendapat', 'pengaruh', 'budaya', 'dari', 'india', 'hal', 'ini', 'didasarkan', 'atas']",<FreqDist with 30 samples and 35 outcomes>,"['pengaruh', 'budaya', 'hindu', 'india', 'menyebabkan', 'kutai', 'kelompok', 'masyarakat', 'berbentuk', 'suku', 'berubah', 'kerajaan', 'raja', 'kudungga', 'dianggap', 'pengaruh', 'budaya', 'india', 'didasarkan']","['pengaruh', 'budaya', 'hindu', 'india', 'sebab', 'kuta', 'kelompok', 'masyarakat', 'bentuk', 'suku', 'ubah', 'raja', 'raja', 'kudungga', 'anggap', 'pengaruh', 'budaya', 'india', 'dasar']"
"Diketahui bahwa Situs Manusia Purba Sangiran telah ditetapkan oleh UNESCO sebagai warisan budaya dunia, tentu ini sangat membanggakan bangsa Indonesia. Pengakuan tersebut tentu didasari berbagai pertimbangan yang kompleks, yaitu",C6,"diketahui bahwa situs manusia purba sangiran telah ditetapkan oleh unesco sebagai warisan budaya dunia, tentu ini sangat membanggakan bangsa indonesia. pengakuan tersebut tentu didasari berbagai pertimbangan yang kompleks, yaitu","['diketahui', 'bahwa', 'situs', 'manusia', 'purba', 'sangiran', 'telah', 'ditetapkan', 'oleh', 'unesco', 'sebagai', 'warisan', 'budaya', 'dunia', 'tentu', 'ini', 'sangat', 'membanggakan', 'bangsa', 'indonesia', 'pengakuan', 'tersebut', 'tentu', 'didasari', 'berbagai', 'pertimbangan', 'yang', 'kompleks', 'yaitu']",<FreqDist with 28 samples and 29 outcomes>,"['situs', 'manusia', 'purba', 'sangiran', 'ditetapkan', 'unesco', 'warisan', 'budaya', 'dunia', 'membanggakan', 'bangsa', 'indonesia', 'pengakuan', 'didasari', 'pertimbangan', 'kompleks']","['situs', 'manusia', 'purba', 'sangir', 'tetap', 'unesco', 'waris', 'budaya', 'dunia', 'bangga', 'bangsa', 'indonesia', 'aku', 'dasar', 'timbang', 'kompleks']"
"Menurut anda jika seluruh lingkungan, mulai dari yang terdekat misal gedung sekolah, rumah tempat kamu tinggal serta perabot dan peralatan yang membantu dalam bekerja ada yang membuatnya, maka bagaimana dengan makhluk hidup, alam semesta angkasa raya bumi dan seisinya ini",C6,"menurut anda jika seluruh lingkungan, mulai dari yang terdekat misal gedung sekolah, rumah tempat kamu tinggal serta perabot dan peralatan yang membantu dalam bekerja ada yang membuatnya, maka bagaimana dengan makhluk hidup, alam semesta angkasa raya bumi dan seisinya ini","['menurut', 'anda', 'jika', 'seluruh', 'lingkungan', 'mulai', 'dari', 'yang', 'terdekat', 'misal', 'gedung', 'sekolah', 'rumah', 'tempat', 'kamu', 'tinggal', 'serta', 'perabot', 'dan', 'peralatan', 'yang', 'membantu', 'dalam', 'bekerja', 'ada', 'yang', 'membuatnya', 'maka', 'bagaimana', 'dengan', 'makhluk', 'hidup', 'alam', 'semesta', 'angkasa', 'raya', 'bumi', 'dan', 'seisinya', 'ini']",<FreqDist with 37 samples and 40 outcomes>,"['lingkungan', 'terdekat', 'gedung', 'sekolah', 'rumah', 'tinggal', 'perabot', 'peralatan', 'membantu', 'membuatnya', 'makhluk', 'hidup', 'alam', 'semesta', 'angkasa', 'raya', 'bumi', 'seisinya']","['lingkung', 'dekat', 'gedung', 'sekolah', 'rumah', 'tinggal', 'perabot', 'alat', 'bantu', 'buat', 'makhluk', 'hidup', 'alam', 'semesta', 'angkasa', 'raya', 'bumi', 'isi']"
